purchase_type,ratio
In-store,0.48602083799016044
Drive-thru,0.46324850131548584
Online,0.05073066069435372
