Payment_Method,percentage_of_total
"Credit Card",0.7996294793251344
Cash,0.1729569097910197
"Gift card",0.02741361088384589
